Azone,Bzone,Czone,Marea
Charles City County,510366001001,NA,planrva__non_uza
Charles City County,510366001002,NA,planrva__non_uza
Charles City County,510366002001,NA,planrva__non_uza
Charles City County,510366002002,NA,planrva__non_uza
Charles City County,510366003001,NA,planrva__non_uza
Charles City County,510366003002,NA,planrva__non_uza
Chesterfield County,510411001061,NA,planrva__non_uza
Chesterfield County,510411001062,NA,planrva__non_uza
Chesterfield County,510411001071,NA,planrva__non_uza
Chesterfield County,510411001072,NA,planrva__non_uza
Chesterfield County,510411002061,NA,planrva__non_uza
Chesterfield County,510411002062,NA,planrva__non_uza
Chesterfield County,510411002063,NA,planrva__non_uza
Chesterfield County,510411002064,NA,planrva__non_uza
Chesterfield County,510411002065,NA,planrva__non_uza
Chesterfield County,510411002081,NA,planrva__non_uza
Chesterfield County,510411002082,NA,planrva__non_uza
Chesterfield County,510411002091,NA,planrva__non_uza
Chesterfield County,510411002092,NA,planrva__non_uza
Chesterfield County,510411002093,NA,planrva__non_uza
Chesterfield County,510411002094,NA,planrva__non_uza
Chesterfield County,510411002101,NA,planrva__non_uza
Chesterfield County,510411002111,NA,planrva__non_uza
Chesterfield County,510411002112,NA,planrva__non_uza
Chesterfield County,510411002121,NA,planrva__non_uza
Chesterfield County,510411002122,NA,planrva__non_uza
Chesterfield County,510411002123,NA,planrva__non_uza
Chesterfield County,510411003001,NA,planrva__non_uza
Chesterfield County,510411003002,NA,planrva__non_uza
Chesterfield County,510411004031,NA,planrva__non_uza
Chesterfield County,510411004032,NA,planrva__non_uza
Chesterfield County,510411004033,NA,planrva__non_uza
Chesterfield County,510411004034,NA,planrva__non_uza
Chesterfield County,510411004035,NA,planrva__non_uza
Chesterfield County,510411004041,NA,planrva__non_uza
Chesterfield County,510411004042,NA,planrva__non_uza
Chesterfield County,510411004051,NA,planrva__non_uza
Chesterfield County,510411004052,NA,planrva__non_uza
Chesterfield County,510411004061,NA,planrva__non_uza
Chesterfield County,510411004071,NA,planrva__non_uza
Chesterfield County,510411004072,NA,planrva__non_uza
Chesterfield County,510411004073,NA,planrva__non_uza
Chesterfield County,510411004091,NA,planrva__non_uza
Chesterfield County,510411004092,NA,planrva__non_uza
Chesterfield County,510411004093,NA,planrva__non_uza
Chesterfield County,510411004094,NA,planrva__non_uza
Chesterfield County,510411004095,NA,planrva__non_uza
Chesterfield County,510411004101,NA,planrva__non_uza
Chesterfield County,510411004102,NA,planrva__non_uza
Chesterfield County,510411005051,NA,planrva__non_uza
Chesterfield County,510411005052,NA,planrva__non_uza
Chesterfield County,510411005053,NA,planrva__non_uza
Chesterfield County,510411005054,NA,planrva__non_uza
Chesterfield County,510411005055,NA,planrva__non_uza
Chesterfield County,510411005061,NA,planrva__non_uza
Chesterfield County,510411005062,NA,planrva__non_uza
Chesterfield County,510411005063,NA,planrva__non_uza
Chesterfield County,510411005064,NA,planrva__non_uza
Chesterfield County,510411005065,NA,planrva__non_uza
Chesterfield County,510411005071,NA,planrva__non_uza
Chesterfield County,510411005072,NA,planrva__non_uza
Chesterfield County,510411005073,NA,planrva__non_uza
Chesterfield County,510411005081,NA,planrva__non_uza
Chesterfield County,510411005082,NA,planrva__non_uza
Chesterfield County,510411005091,NA,planrva__non_uza
Chesterfield County,510411005092,NA,planrva__non_uza
Chesterfield County,510411005093,NA,planrva__non_uza
Chesterfield County,510411005094,NA,planrva__non_uza
Chesterfield County,510411005101,NA,planrva__non_uza
Chesterfield County,510411005102,NA,planrva__non_uza
Chesterfield County,510411006001,NA,planrva__non_uza
Chesterfield County,510411006002,NA,planrva__non_uza
Chesterfield County,510411006003,NA,planrva__non_uza
Chesterfield County,510411007011,NA,planrva__non_uza
Chesterfield County,510411007012,NA,planrva__non_uza
Chesterfield County,510411007013,NA,planrva__non_uza
Chesterfield County,510411007014,NA,planrva__non_uza
Chesterfield County,510411007021,NA,planrva__non_uza
Chesterfield County,510411007041,NA,planrva__non_uza
Chesterfield County,510411007042,NA,planrva__non_uza
Chesterfield County,510411007043,NA,planrva__non_uza
Chesterfield County,510411007051,NA,planrva__non_uza
Chesterfield County,510411007052,NA,planrva__non_uza
Chesterfield County,510411008041,NA,planrva__non_uza
Chesterfield County,510411008042,NA,planrva__non_uza
Chesterfield County,510411008043,NA,planrva__non_uza
Chesterfield County,510411008051,NA,planrva__non_uza
Chesterfield County,510411008052,NA,planrva__non_uza
Chesterfield County,510411008053,NA,planrva__non_uza
Chesterfield County,510411008054,NA,planrva__non_uza
Chesterfield County,510411008061,NA,planrva__non_uza
Chesterfield County,510411008062,NA,planrva__non_uza
Chesterfield County,510411008071,NA,planrva__non_uza
Chesterfield County,510411008121,NA,planrva__non_uza
Chesterfield County,510411008122,NA,planrva__non_uza
Chesterfield County,510411008123,NA,planrva__non_uza
Chesterfield County,510411008141,NA,planrva__non_uza
Chesterfield County,510411008142,NA,planrva__non_uza
Chesterfield County,510411008151,NA,planrva__non_uza
Chesterfield County,510411008152,NA,planrva__non_uza
Chesterfield County,510411008161,NA,planrva__non_uza
Chesterfield County,510411008162,NA,planrva__non_uza
Chesterfield County,510411008163,NA,planrva__non_uza
Chesterfield County,510411008171,NA,planrva__non_uza
Chesterfield County,510411008172,NA,planrva__non_uza
Chesterfield County,510411008181,NA,planrva__non_uza
Chesterfield County,510411008182,NA,planrva__non_uza
Chesterfield County,510411008191,NA,planrva__non_uza
Chesterfield County,510411008192,NA,planrva__non_uza
Chesterfield County,510411008193,NA,planrva__non_uza
Chesterfield County,510411008201,NA,planrva__non_uza
Chesterfield County,510411008202,NA,planrva__non_uza
Chesterfield County,510411008211,NA,planrva__non_uza
Chesterfield County,510411008212,NA,planrva__non_uza
Chesterfield County,510411008213,NA,planrva__non_uza
Chesterfield County,510411008221,NA,planrva__non_uza
Chesterfield County,510411008222,NA,planrva__non_uza
Chesterfield County,510411008223,NA,planrva__non_uza
Chesterfield County,510411008231,NA,planrva__non_uza
Chesterfield County,510411008232,NA,planrva__non_uza
Chesterfield County,510411008233,NA,planrva__non_uza
Chesterfield County,510411009021,NA,planrva__non_uza
Chesterfield County,510411009022,NA,planrva__non_uza
Chesterfield County,510411009023,NA,planrva__non_uza
Chesterfield County,510411009071,NA,planrva__non_uza
Chesterfield County,510411009072,NA,planrva__non_uza
Chesterfield County,510411009101,NA,planrva__non_uza
Chesterfield County,510411009102,NA,planrva__non_uza
Chesterfield County,510411009103,NA,planrva__non_uza
Chesterfield County,510411009104,NA,planrva__non_uza
Chesterfield County,510411009121,NA,planrva__non_uza
Chesterfield County,510411009122,NA,planrva__non_uza
Chesterfield County,510411009123,NA,planrva__non_uza
Chesterfield County,510411009124,NA,planrva__non_uza
Chesterfield County,510411009151,NA,planrva__non_uza
Chesterfield County,510411009152,NA,planrva__non_uza
Chesterfield County,510411009191,NA,planrva__non_uza
Chesterfield County,510411009192,NA,planrva__non_uza
Chesterfield County,510411009193,NA,planrva__non_uza
Chesterfield County,510411009201,NA,planrva__non_uza
Chesterfield County,510411009211,NA,planrva__non_uza
Chesterfield County,510411009212,NA,planrva__non_uza
Chesterfield County,510411009213,NA,planrva__non_uza
Chesterfield County,510411009214,NA,planrva__non_uza
Chesterfield County,510411009221,NA,planrva__non_uza
Chesterfield County,510411009222,NA,planrva__non_uza
Chesterfield County,510411009223,NA,planrva__non_uza
Chesterfield County,510411009231,NA,planrva__non_uza
Chesterfield County,510411009232,NA,planrva__non_uza
Chesterfield County,510411009241,NA,planrva__non_uza
Chesterfield County,510411009242,NA,planrva__non_uza
Chesterfield County,510411009261,NA,planrva__non_uza
Chesterfield County,510411009262,NA,planrva__non_uza
Chesterfield County,510411009263,NA,planrva__non_uza
Chesterfield County,510411009264,NA,planrva__non_uza
Chesterfield County,510411009281,NA,planrva__non_uza
Chesterfield County,510411009282,NA,planrva__non_uza
Chesterfield County,510411009283,NA,planrva__non_uza
Chesterfield County,510411009291,NA,planrva__non_uza
Chesterfield County,510411009292,NA,planrva__non_uza
Chesterfield County,510411009293,NA,planrva__non_uza
Chesterfield County,510411009294,NA,planrva__non_uza
Chesterfield County,510411009301,NA,planrva__non_uza
Chesterfield County,510411009302,NA,planrva__non_uza
Chesterfield County,510411009311,NA,planrva__non_uza
Chesterfield County,510411009312,NA,planrva__non_uza
Chesterfield County,510411009313,NA,planrva__non_uza
Chesterfield County,510411009321,NA,planrva__non_uza
Chesterfield County,510411009322,NA,planrva__non_uza
Chesterfield County,510411009331,NA,planrva__non_uza
Chesterfield County,510411009332,NA,planrva__non_uza
Chesterfield County,510411009341,NA,planrva__non_uza
Chesterfield County,510411009342,NA,planrva__non_uza
Chesterfield County,510411009343,NA,planrva__non_uza
Chesterfield County,510411009344,NA,planrva__non_uza
Chesterfield County,510411009351,NA,planrva__non_uza
Chesterfield County,510411009352,NA,planrva__non_uza
Chesterfield County,510411009361,NA,planrva__non_uza
Chesterfield County,510411009362,NA,planrva__non_uza
Chesterfield County,510411009371,NA,planrva__non_uza
Chesterfield County,510411009372,NA,planrva__non_uza
Chesterfield County,510411009381,NA,planrva__non_uza
Chesterfield County,510411009382,NA,planrva__non_uza
Chesterfield County,510411010031,NA,planrva__non_uza
Chesterfield County,510411010032,NA,planrva__non_uza
Chesterfield County,510411010033,NA,planrva__non_uza
Chesterfield County,510411010034,NA,planrva__non_uza
Chesterfield County,510411010041,NA,planrva__non_uza
Chesterfield County,510411010042,NA,planrva__non_uza
Chesterfield County,510411010043,NA,planrva__non_uza
Chesterfield County,510411010071,NA,planrva__non_uza
Chesterfield County,510411010072,NA,planrva__non_uza
Chesterfield County,510411010073,NA,planrva__non_uza
Chesterfield County,510411010081,NA,planrva__non_uza
Chesterfield County,510411010082,NA,planrva__non_uza
Chesterfield County,510411010091,NA,planrva__non_uza
Chesterfield County,510411010092,NA,planrva__non_uza
Chesterfield County,510411010093,NA,planrva__non_uza
Chesterfield County,510411010111,NA,planrva__non_uza
Chesterfield County,510411010112,NA,planrva__non_uza
Chesterfield County,510411010121,NA,planrva__non_uza
Chesterfield County,510411010122,NA,planrva__non_uza
Chesterfield County,510411010123,NA,planrva__non_uza
Chesterfield County,510411010131,NA,planrva__non_uza
Chesterfield County,510411010132,NA,planrva__non_uza
Chesterfield County,510411010141,NA,planrva__non_uza
Chesterfield County,510411010151,NA,planrva__non_uza
Chesterfield County,510411010152,NA,planrva__non_uza
Chesterfield County,510411010153,NA,planrva__non_uza
Goochland County,510754001011,NA,planrva__non_uza
Goochland County,510754001012,NA,planrva__non_uza
Goochland County,510754001021,NA,planrva__non_uza
Goochland County,510754001022,NA,planrva__non_uza
Goochland County,510754002001,NA,planrva__non_uza
Goochland County,510754002002,NA,planrva__non_uza
Goochland County,510754002003,NA,planrva__non_uza
Goochland County,510754002004,NA,planrva__non_uza
Goochland County,510754003001,NA,planrva__non_uza
Goochland County,510754004001,NA,planrva__non_uza
Goochland County,510754004002,NA,planrva__non_uza
Goochland County,510754004003,NA,planrva__non_uza
Goochland County,510754004004,NA,planrva__non_uza
Goochland County,510754005001,NA,planrva__non_uza
Goochland County,510754005002,NA,planrva__non_uza
Goochland County,510754005003,NA,planrva__non_uza
Hanover County,510853201001,NA,planrva__non_uza
Hanover County,510853201002,NA,planrva__non_uza
Hanover County,510853201003,NA,planrva__non_uza
Hanover County,510853201004,NA,planrva__non_uza
Hanover County,510853202001,NA,planrva__non_uza
Hanover County,510853202002,NA,planrva__non_uza
Hanover County,510853202003,NA,planrva__non_uza
Hanover County,510853203001,NA,planrva__non_uza
Hanover County,510853203002,NA,planrva__non_uza
Hanover County,510853203003,NA,planrva__non_uza
Hanover County,510853204001,NA,planrva__non_uza
Hanover County,510853204002,NA,planrva__non_uza
Hanover County,510853204003,NA,planrva__non_uza
Hanover County,510853205001,NA,planrva__non_uza
Hanover County,510853205002,NA,planrva__non_uza
Hanover County,510853205003,NA,planrva__non_uza
Hanover County,510853206011,NA,planrva__non_uza
Hanover County,510853206012,NA,planrva__non_uza
Hanover County,510853206013,NA,planrva__non_uza
Hanover County,510853206021,NA,planrva__non_uza
Hanover County,510853206022,NA,planrva__non_uza
Hanover County,510853207011,NA,planrva__non_uza
Hanover County,510853207012,NA,planrva__non_uza
Hanover County,510853207021,NA,planrva__non_uza
Hanover County,510853207022,NA,planrva__non_uza
Hanover County,510853208011,NA,planrva__non_uza
Hanover County,510853208031,NA,planrva__non_uza
Hanover County,510853208032,NA,planrva__non_uza
Hanover County,510853208033,NA,planrva__non_uza
Hanover County,510853208041,NA,planrva__non_uza
Hanover County,510853208042,NA,planrva__non_uza
Hanover County,510853208043,NA,planrva__non_uza
Hanover County,510853208051,NA,planrva__non_uza
Hanover County,510853208052,NA,planrva__non_uza
Hanover County,510853209011,NA,planrva__non_uza
Hanover County,510853209012,NA,planrva__non_uza
Hanover County,510853209013,NA,planrva__non_uza
Hanover County,510853209021,NA,planrva__non_uza
Hanover County,510853209022,NA,planrva__non_uza
Hanover County,510853210011,NA,planrva__non_uza
Hanover County,510853210012,NA,planrva__non_uza
Hanover County,510853210013,NA,planrva__non_uza
Hanover County,510853210031,NA,planrva__non_uza
Hanover County,510853210041,NA,planrva__non_uza
Hanover County,510853210042,NA,planrva__non_uza
Hanover County,510853210043,NA,planrva__non_uza
Hanover County,510853211001,NA,planrva__non_uza
Hanover County,510853211002,NA,planrva__non_uza
Hanover County,510853211003,NA,planrva__non_uza
Hanover County,510853212011,NA,planrva__non_uza
Hanover County,510853212012,NA,planrva__non_uza
Hanover County,510853212013,NA,planrva__non_uza
Hanover County,510853212021,NA,planrva__non_uza
Hanover County,510853212022,NA,planrva__non_uza
Hanover County,510853212023,NA,planrva__non_uza
Hanover County,510853213001,NA,planrva__non_uza
Hanover County,510853213002,NA,planrva__non_uza
Hanover County,510853213003,NA,planrva__non_uza
Hanover County,510853213004,NA,planrva__non_uza
Hanover County,510853214011,NA,planrva__non_uza
Hanover County,510853214021,NA,planrva__non_uza
Hanover County,510853214022,NA,planrva__non_uza
Hanover County,510853214031,NA,planrva__non_uza
Henrico County,510872001061,NA,planrva__non_uza
Henrico County,510872001062,NA,planrva__non_uza
Henrico County,510872001063,NA,planrva__non_uza
Henrico County,510872001064,NA,planrva__non_uza
Henrico County,510872001081,NA,planrva__non_uza
Henrico County,510872001082,NA,planrva__non_uza
Henrico County,510872001091,NA,planrva__non_uza
Henrico County,510872001092,NA,planrva__non_uza
Henrico County,510872001093,NA,planrva__non_uza
Henrico County,510872001221,NA,planrva__non_uza
Henrico County,510872001222,NA,planrva__non_uza
Henrico County,510872001223,NA,planrva__non_uza
Henrico County,510872001231,NA,planrva__non_uza
Henrico County,510872001232,NA,planrva__non_uza
Henrico County,510872001233,NA,planrva__non_uza
Henrico County,510872001241,NA,planrva__non_uza
Henrico County,510872001242,NA,planrva__non_uza
Henrico County,510872001243,NA,planrva__non_uza
Henrico County,510872001251,NA,planrva__non_uza
Henrico County,510872001252,NA,planrva__non_uza
Henrico County,510872001253,NA,planrva__non_uza
Henrico County,510872001254,NA,planrva__non_uza
Henrico County,510872001261,NA,planrva__non_uza
Henrico County,510872001262,NA,planrva__non_uza
Henrico County,510872001263,NA,planrva__non_uza
Henrico County,510872001271,NA,planrva__non_uza
Henrico County,510872001272,NA,planrva__non_uza
Henrico County,510872001273,NA,planrva__non_uza
Henrico County,510872001274,NA,planrva__non_uza
Henrico County,510872001311,NA,planrva__non_uza
Henrico County,510872001312,NA,planrva__non_uza
Henrico County,510872001321,NA,planrva__non_uza
Henrico County,510872001322,NA,planrva__non_uza
Henrico County,510872001331,NA,planrva__non_uza
Henrico County,510872001332,NA,planrva__non_uza
Henrico County,510872001333,NA,planrva__non_uza
Henrico County,510872001341,NA,planrva__non_uza
Henrico County,510872001342,NA,planrva__non_uza
Henrico County,510872001343,NA,planrva__non_uza
Henrico County,510872001351,NA,planrva__non_uza
Henrico County,510872001352,NA,planrva__non_uza
Henrico County,510872001361,NA,planrva__non_uza
Henrico County,510872001362,NA,planrva__non_uza
Henrico County,510872001371,NA,planrva__non_uza
Henrico County,510872001372,NA,planrva__non_uza
Henrico County,510872001381,NA,planrva__non_uza
Henrico County,510872001382,NA,planrva__non_uza
Henrico County,510872001383,NA,planrva__non_uza
Henrico County,510872001391,NA,planrva__non_uza
Henrico County,510872001392,NA,planrva__non_uza
Henrico County,510872001393,NA,planrva__non_uza
Henrico County,510872001401,NA,planrva__non_uza
Henrico County,510872001402,NA,planrva__non_uza
Henrico County,510872001411,NA,planrva__non_uza
Henrico County,510872001412,NA,planrva__non_uza
Henrico County,510872001421,NA,planrva__non_uza
Henrico County,510872001422,NA,planrva__non_uza
Henrico County,510872001423,NA,planrva__non_uza
Henrico County,510872001431,NA,planrva__non_uza
Henrico County,510872001441,NA,planrva__non_uza
Henrico County,510872001442,NA,planrva__non_uza
Henrico County,510872001443,NA,planrva__non_uza
Henrico County,510872001451,NA,planrva__non_uza
Henrico County,510872001452,NA,planrva__non_uza
Henrico County,510872001461,NA,planrva__non_uza
Henrico County,510872001462,NA,planrva__non_uza
Henrico County,510872001463,NA,planrva__non_uza
Henrico County,510872001471,NA,planrva__non_uza
Henrico County,510872001472,NA,planrva__non_uza
Henrico County,510872001473,NA,planrva__non_uza
Henrico County,510872001481,NA,planrva__non_uza
Henrico County,510872001482,NA,planrva__non_uza
Henrico County,510872001483,NA,planrva__non_uza
Henrico County,510872001491,NA,planrva__non_uza
Henrico County,510872001492,NA,planrva__non_uza
Henrico County,510872001493,NA,planrva__non_uza
Henrico County,510872001494,NA,planrva__non_uza
Henrico County,510872001501,NA,planrva__non_uza
Henrico County,510872001502,NA,planrva__non_uza
Henrico County,510872001503,NA,planrva__non_uza
Henrico County,510872001511,NA,planrva__non_uza
Henrico County,510872001512,NA,planrva__non_uza
Henrico County,510872001513,NA,planrva__non_uza
Henrico County,510872001514,NA,planrva__non_uza
Henrico County,510872001521,NA,planrva__non_uza
Henrico County,510872001522,NA,planrva__non_uza
Henrico County,510872001531,NA,planrva__non_uza
Henrico County,510872001532,NA,planrva__non_uza
Henrico County,510872001533,NA,planrva__non_uza
Henrico County,510872002011,NA,planrva__non_uza
Henrico County,510872002012,NA,planrva__non_uza
Henrico County,510872002021,NA,planrva__non_uza
Henrico County,510872002022,NA,planrva__non_uza
Henrico County,510872002023,NA,planrva__non_uza
Henrico County,510872002024,NA,planrva__non_uza
Henrico County,510872003011,NA,planrva__non_uza
Henrico County,510872003012,NA,planrva__non_uza
Henrico County,510872003021,NA,planrva__non_uza
Henrico County,510872003022,NA,planrva__non_uza
Henrico County,510872003023,NA,planrva__non_uza
Henrico County,510872003031,NA,planrva__non_uza
Henrico County,510872003032,NA,planrva__non_uza
Henrico County,510872003051,NA,planrva__non_uza
Henrico County,510872003052,NA,planrva__non_uza
Henrico County,510872003053,NA,planrva__non_uza
Henrico County,510872004041,NA,planrva__non_uza
Henrico County,510872004042,NA,planrva__non_uza
Henrico County,510872004043,NA,planrva__non_uza
Henrico County,510872004071,NA,planrva__non_uza
Henrico County,510872004072,NA,planrva__non_uza
Henrico County,510872004073,NA,planrva__non_uza
Henrico County,510872004074,NA,planrva__non_uza
Henrico County,510872004091,NA,planrva__non_uza
Henrico County,510872004111,NA,planrva__non_uza
Henrico County,510872004112,NA,planrva__non_uza
Henrico County,510872004113,NA,planrva__non_uza
Henrico County,510872004114,NA,planrva__non_uza
Henrico County,510872004115,NA,planrva__non_uza
Henrico County,510872004121,NA,planrva__non_uza
Henrico County,510872004122,NA,planrva__non_uza
Henrico County,510872004131,NA,planrva__non_uza
Henrico County,510872004132,NA,planrva__non_uza
Henrico County,510872004133,NA,planrva__non_uza
Henrico County,510872004141,NA,planrva__non_uza
Henrico County,510872004142,NA,planrva__non_uza
Henrico County,510872004143,NA,planrva__non_uza
Henrico County,510872004151,NA,planrva__non_uza
Henrico County,510872004152,NA,planrva__non_uza
Henrico County,510872004153,NA,planrva__non_uza
Henrico County,510872004161,NA,planrva__non_uza
Henrico County,510872004162,NA,planrva__non_uza
Henrico County,510872004163,NA,planrva__non_uza
Henrico County,510872004164,NA,planrva__non_uza
Henrico County,510872004171,NA,planrva__non_uza
Henrico County,510872004172,NA,planrva__non_uza
Henrico County,510872004173,NA,planrva__non_uza
Henrico County,510872004174,NA,planrva__non_uza
Henrico County,510872004181,NA,planrva__non_uza
Henrico County,510872004182,NA,planrva__non_uza
Henrico County,510872004183,NA,planrva__non_uza
Henrico County,510872005011,NA,planrva__non_uza
Henrico County,510872005012,NA,planrva__non_uza
Henrico County,510872005021,NA,planrva__non_uza
Henrico County,510872005022,NA,planrva__non_uza
Henrico County,510872005031,NA,planrva__non_uza
Henrico County,510872005032,NA,planrva__non_uza
Henrico County,510872005033,NA,planrva__non_uza
Henrico County,510872006001,NA,planrva__non_uza
Henrico County,510872006002,NA,planrva__non_uza
Henrico County,510872006003,NA,planrva__non_uza
Henrico County,510872006004,NA,planrva__non_uza
Henrico County,510872007001,NA,planrva__non_uza
Henrico County,510872007002,NA,planrva__non_uza
Henrico County,510872007003,NA,planrva__non_uza
Henrico County,510872007004,NA,planrva__non_uza
Henrico County,510872008011,NA,planrva__non_uza
Henrico County,510872008012,NA,planrva__non_uza
Henrico County,510872008013,NA,planrva__non_uza
Henrico County,510872008021,NA,planrva__non_uza
Henrico County,510872008022,NA,planrva__non_uza
Henrico County,510872008051,NA,planrva__non_uza
Henrico County,510872008052,NA,planrva__non_uza
Henrico County,510872008053,NA,planrva__non_uza
Henrico County,510872008054,NA,planrva__non_uza
Henrico County,510872008061,NA,planrva__non_uza
Henrico County,510872008071,NA,planrva__non_uza
Henrico County,510872008072,NA,planrva__non_uza
Henrico County,510872008073,NA,planrva__non_uza
Henrico County,510872008074,NA,planrva__non_uza
Henrico County,510872009041,NA,planrva__non_uza
Henrico County,510872009042,NA,planrva__non_uza
Henrico County,510872009043,NA,planrva__non_uza
Henrico County,510872009044,NA,planrva__non_uza
Henrico County,510872009051,NA,planrva__non_uza
Henrico County,510872009052,NA,planrva__non_uza
Henrico County,510872009053,NA,planrva__non_uza
Henrico County,510872009054,NA,planrva__non_uza
Henrico County,510872009061,NA,planrva__non_uza
Henrico County,510872009062,NA,planrva__non_uza
Henrico County,510872009071,NA,planrva__non_uza
Henrico County,510872009072,NA,planrva__non_uza
Henrico County,510872009073,NA,planrva__non_uza
Henrico County,510872009081,NA,planrva__non_uza
Henrico County,510872009082,NA,planrva__non_uza
Henrico County,510872010011,NA,planrva__non_uza
Henrico County,510872010012,NA,planrva__non_uza
Henrico County,510872010013,NA,planrva__non_uza
Henrico County,510872010014,NA,planrva__non_uza
Henrico County,510872010021,NA,planrva__non_uza
Henrico County,510872010022,NA,planrva__non_uza
Henrico County,510872010023,NA,planrva__non_uza
Henrico County,510872010031,NA,planrva__non_uza
Henrico County,510872010032,NA,planrva__non_uza
Henrico County,510872010033,NA,planrva__non_uza
Henrico County,510872011021,NA,planrva__non_uza
Henrico County,510872011022,NA,planrva__non_uza
Henrico County,510872011023,NA,planrva__non_uza
Henrico County,510872011024,NA,planrva__non_uza
Henrico County,510872011031,NA,planrva__non_uza
Henrico County,510872011032,NA,planrva__non_uza
Henrico County,510872011041,NA,planrva__non_uza
Henrico County,510872011042,NA,planrva__non_uza
Henrico County,510872012031,NA,planrva__non_uza
Henrico County,510872012032,NA,planrva__non_uza
Henrico County,510872012041,NA,planrva__non_uza
Henrico County,510872012042,NA,planrva__non_uza
Henrico County,510872012043,NA,planrva__non_uza
Henrico County,510872012051,NA,planrva__non_uza
Henrico County,510872012052,NA,planrva__non_uza
Henrico County,510872012053,NA,planrva__non_uza
Henrico County,510872012061,NA,planrva__non_uza
Henrico County,510872012062,NA,planrva__non_uza
Henrico County,510872014031,NA,planrva__non_uza
Henrico County,510872014032,NA,planrva__non_uza
Henrico County,510872014033,NA,planrva__non_uza
Henrico County,510872014034,NA,planrva__non_uza
Henrico County,510872014035,NA,planrva__non_uza
Henrico County,510872014041,NA,planrva__non_uza
Henrico County,510872014042,NA,planrva__non_uza
Henrico County,510872014043,NA,planrva__non_uza
Henrico County,510872014051,NA,planrva__non_uza
Henrico County,510872014061,NA,planrva__non_uza
Henrico County,510872014062,NA,planrva__non_uza
Henrico County,510872014063,NA,planrva__non_uza
Henrico County,510872014064,NA,planrva__non_uza
Henrico County,510872015021,NA,planrva__non_uza
Henrico County,510872015022,NA,planrva__non_uza
Henrico County,510872015023,NA,planrva__non_uza
Henrico County,510872015031,NA,planrva__non_uza
Henrico County,510872015032,NA,planrva__non_uza
Henrico County,510872015033,NA,planrva__non_uza
Henrico County,510872015041,NA,planrva__non_uza
Henrico County,510872015042,NA,planrva__non_uza
Henrico County,510872015043,NA,planrva__non_uza
Henrico County,510872016011,NA,planrva__non_uza
Henrico County,510872016012,NA,planrva__non_uza
Henrico County,510872016021,NA,planrva__non_uza
Henrico County,510872016022,NA,planrva__non_uza
Henrico County,510872016023,NA,planrva__non_uza
Henrico County,510872016024,NA,planrva__non_uza
Henrico County,510872017011,NA,planrva__non_uza
Henrico County,510872017012,NA,planrva__non_uza
Henrico County,510879801001,NA,planrva__non_uza
New Kent County,511277001001,NA,planrva__non_uza
New Kent County,511277001002,NA,planrva__non_uza
New Kent County,511277001003,NA,planrva__non_uza
New Kent County,511277002001,NA,planrva__non_uza
New Kent County,511277002002,NA,planrva__non_uza
New Kent County,511277002003,NA,planrva__non_uza
New Kent County,511277002004,NA,planrva__non_uza
New Kent County,511277003011,NA,planrva__non_uza
New Kent County,511277003012,NA,planrva__non_uza
New Kent County,511277003013,NA,planrva__non_uza
New Kent County,511277003021,NA,planrva__non_uza
New Kent County,511277003022,NA,planrva__non_uza
Powhatan County,511455001011,NA,planrva__non_uza
Powhatan County,511455001012,NA,planrva__non_uza
Powhatan County,511455001013,NA,planrva__non_uza
Powhatan County,511455001014,NA,planrva__non_uza
Powhatan County,511455001021,NA,planrva__non_uza
Powhatan County,511455001022,NA,planrva__non_uza
Powhatan County,511455001023,NA,planrva__non_uza
Powhatan County,511455002011,NA,planrva__non_uza
Powhatan County,511455002012,NA,planrva__non_uza
Powhatan County,511455002013,NA,planrva__non_uza
Powhatan County,511455002021,NA,planrva__non_uza
Powhatan County,511455002022,NA,planrva__non_uza
Powhatan County,511455003001,NA,planrva__non_uza
Powhatan County,511455004001,NA,planrva__non_uza
Powhatan County,511455004002,NA,planrva__non_uza
Powhatan County,511455004003,NA,planrva__non_uza
Richmond City,517600102011,NA,planrva__richmond_va
Richmond City,517600102012,NA,planrva__richmond_va
Richmond City,517600102021,NA,planrva__richmond_va
Richmond City,517600102022,NA,planrva__richmond_va
Richmond City,517600103001,NA,planrva__richmond_va
Richmond City,517600104011,NA,planrva__richmond_va
Richmond City,517600104012,NA,planrva__richmond_va
Richmond City,517600104021,NA,planrva__richmond_va
Richmond City,517600104022,NA,planrva__richmond_va
Richmond City,517600104023,NA,planrva__richmond_va
Richmond City,517600105001,NA,planrva__richmond_va
Richmond City,517600105002,NA,planrva__richmond_va
Richmond City,517600106001,NA,planrva__richmond_va
Richmond City,517600107001,NA,planrva__richmond_va
Richmond City,517600107002,NA,planrva__richmond_va
Richmond City,517600107003,NA,planrva__richmond_va
Richmond City,517600108001,NA,planrva__richmond_va
Richmond City,517600108002,NA,planrva__richmond_va
Richmond City,517600108003,NA,planrva__richmond_va
Richmond City,517600109001,NA,planrva__richmond_va
Richmond City,517600109002,NA,planrva__richmond_va
Richmond City,517600109003,NA,planrva__richmond_va
Richmond City,517600109004,NA,planrva__richmond_va
Richmond City,517600110001,NA,planrva__richmond_va
Richmond City,517600110002,NA,planrva__richmond_va
Richmond City,517600110003,NA,planrva__richmond_va
Richmond City,517600111001,NA,planrva__richmond_va
Richmond City,517600111002,NA,planrva__richmond_va
Richmond City,517600111003,NA,planrva__richmond_va
Richmond City,517600111004,NA,planrva__richmond_va
Richmond City,517600201001,NA,planrva__richmond_va
Richmond City,517600202001,NA,planrva__richmond_va
Richmond City,517600202002,NA,planrva__richmond_va
Richmond City,517600203001,NA,planrva__richmond_va
Richmond City,517600203002,NA,planrva__richmond_va
Richmond City,517600204001,NA,planrva__richmond_va
Richmond City,517600204002,NA,planrva__richmond_va
Richmond City,517600204003,NA,planrva__richmond_va
Richmond City,517600204004,NA,planrva__richmond_va
Richmond City,517600204005,NA,planrva__richmond_va
Richmond City,517600205011,NA,planrva__richmond_va
Richmond City,517600205012,NA,planrva__richmond_va
Richmond City,517600205021,NA,planrva__richmond_va
Richmond City,517600205022,NA,planrva__richmond_va
Richmond City,517600205023,NA,planrva__richmond_va
Richmond City,517600206001,NA,planrva__richmond_va
Richmond City,517600206002,NA,planrva__richmond_va
Richmond City,517600207001,NA,planrva__richmond_va
Richmond City,517600207002,NA,planrva__richmond_va
Richmond City,517600208001,NA,planrva__richmond_va
Richmond City,517600208002,NA,planrva__richmond_va
Richmond City,517600209001,NA,planrva__richmond_va
Richmond City,517600209002,NA,planrva__richmond_va
Richmond City,517600209003,NA,planrva__richmond_va
Richmond City,517600209004,NA,planrva__richmond_va
Richmond City,517600210001,NA,planrva__richmond_va
Richmond City,517600210002,NA,planrva__richmond_va
Richmond City,517600211001,NA,planrva__richmond_va
Richmond City,517600212001,NA,planrva__richmond_va
Richmond City,517600301001,NA,planrva__richmond_va
Richmond City,517600301002,NA,planrva__richmond_va
Richmond City,517600302001,NA,planrva__richmond_va
Richmond City,517600302002,NA,planrva__richmond_va
Richmond City,517600302003,NA,planrva__richmond_va
Richmond City,517600302004,NA,planrva__richmond_va
Richmond City,517600305011,NA,planrva__richmond_va
Richmond City,517600305012,NA,planrva__richmond_va
Richmond City,517600305013,NA,planrva__richmond_va
Richmond City,517600305021,NA,planrva__richmond_va
Richmond City,517600305022,NA,planrva__richmond_va
Richmond City,517600402011,NA,planrva__richmond_va
Richmond City,517600402012,NA,planrva__richmond_va
Richmond City,517600402021,NA,planrva__richmond_va
Richmond City,517600402022,NA,planrva__richmond_va
Richmond City,517600403001,NA,planrva__richmond_va
Richmond City,517600403002,NA,planrva__richmond_va
Richmond City,517600404001,NA,planrva__richmond_va
Richmond City,517600404002,NA,planrva__richmond_va
Richmond City,517600404003,NA,planrva__richmond_va
Richmond City,517600405001,NA,planrva__richmond_va
Richmond City,517600405002,NA,planrva__richmond_va
Richmond City,517600405003,NA,planrva__richmond_va
Richmond City,517600405004,NA,planrva__richmond_va
Richmond City,517600406001,NA,planrva__richmond_va
Richmond City,517600406002,NA,planrva__richmond_va
Richmond City,517600407001,NA,planrva__richmond_va
Richmond City,517600407002,NA,planrva__richmond_va
Richmond City,517600408001,NA,planrva__richmond_va
Richmond City,517600409001,NA,planrva__richmond_va
Richmond City,517600409002,NA,planrva__richmond_va
Richmond City,517600410001,NA,planrva__richmond_va
Richmond City,517600410002,NA,planrva__richmond_va
Richmond City,517600411001,NA,planrva__richmond_va
Richmond City,517600411002,NA,planrva__richmond_va
Richmond City,517600411003,NA,planrva__richmond_va
Richmond City,517600411004,NA,planrva__richmond_va
Richmond City,517600412001,NA,planrva__richmond_va
Richmond City,517600413001,NA,planrva__richmond_va
Richmond City,517600413002,NA,planrva__richmond_va
Richmond City,517600414001,NA,planrva__richmond_va
Richmond City,517600414002,NA,planrva__richmond_va
Richmond City,517600416001,NA,planrva__richmond_va
Richmond City,517600501001,NA,planrva__richmond_va
Richmond City,517600501002,NA,planrva__richmond_va
Richmond City,517600501003,NA,planrva__richmond_va
Richmond City,517600502001,NA,planrva__richmond_va
Richmond City,517600502002,NA,planrva__richmond_va
Richmond City,517600502003,NA,planrva__richmond_va
Richmond City,517600503001,NA,planrva__richmond_va
Richmond City,517600504001,NA,planrva__richmond_va
Richmond City,517600504002,NA,planrva__richmond_va
Richmond City,517600505001,NA,planrva__richmond_va
Richmond City,517600505002,NA,planrva__richmond_va
Richmond City,517600505003,NA,planrva__richmond_va
Richmond City,517600506001,NA,planrva__richmond_va
Richmond City,517600506002,NA,planrva__richmond_va
Richmond City,517600602001,NA,planrva__richmond_va
Richmond City,517600602002,NA,planrva__richmond_va
Richmond City,517600602003,NA,planrva__richmond_va
Richmond City,517600604001,NA,planrva__richmond_va
Richmond City,517600604002,NA,planrva__richmond_va
Richmond City,517600604003,NA,planrva__richmond_va
Richmond City,517600604004,NA,planrva__richmond_va
Richmond City,517600604005,NA,planrva__richmond_va
Richmond City,517600605011,NA,planrva__richmond_va
Richmond City,517600605012,NA,planrva__richmond_va
Richmond City,517600605013,NA,planrva__richmond_va
Richmond City,517600605021,NA,planrva__richmond_va
Richmond City,517600605022,NA,planrva__richmond_va
Richmond City,517600605023,NA,planrva__richmond_va
Richmond City,517600606001,NA,planrva__richmond_va
Richmond City,517600606002,NA,planrva__richmond_va
Richmond City,517600606003,NA,planrva__richmond_va
Richmond City,517600607001,NA,planrva__richmond_va
Richmond City,517600607002,NA,planrva__richmond_va
Richmond City,517600607003,NA,planrva__richmond_va
Richmond City,517600607004,NA,planrva__richmond_va
Richmond City,517600607005,NA,planrva__richmond_va
Richmond City,517600608001,NA,planrva__richmond_va
Richmond City,517600608002,NA,planrva__richmond_va
Richmond City,517600608003,NA,planrva__richmond_va
Richmond City,517600608004,NA,planrva__richmond_va
Richmond City,517600609001,NA,planrva__richmond_va
Richmond City,517600610011,NA,planrva__richmond_va
Richmond City,517600610012,NA,planrva__richmond_va
Richmond City,517600610013,NA,planrva__richmond_va
Richmond City,517600610021,NA,planrva__richmond_va
Richmond City,517600610022,NA,planrva__richmond_va
Richmond City,517600610023,NA,planrva__richmond_va
Richmond City,517600701001,NA,planrva__richmond_va
Richmond City,517600701002,NA,planrva__richmond_va
Richmond City,517600701003,NA,planrva__richmond_va
Richmond City,517600701004,NA,planrva__richmond_va
Richmond City,517600703001,NA,planrva__richmond_va
Richmond City,517600703002,NA,planrva__richmond_va
Richmond City,517600704001,NA,planrva__richmond_va
Richmond City,517600704002,NA,planrva__richmond_va
Richmond City,517600704003,NA,planrva__richmond_va
Richmond City,517600706011,NA,planrva__richmond_va
Richmond City,517600706012,NA,planrva__richmond_va
Richmond City,517600706013,NA,planrva__richmond_va
Richmond City,517600706014,NA,planrva__richmond_va
Richmond City,517600706021,NA,planrva__richmond_va
Richmond City,517600706022,NA,planrva__richmond_va
Richmond City,517600707001,NA,planrva__richmond_va
Richmond City,517600707002,NA,planrva__richmond_va
Richmond City,517600707003,NA,planrva__richmond_va
Richmond City,517600708021,NA,planrva__richmond_va
Richmond City,517600708022,NA,planrva__richmond_va
Richmond City,517600708031,NA,planrva__richmond_va
Richmond City,517600708032,NA,planrva__richmond_va
Richmond City,517600708041,NA,planrva__richmond_va
Richmond City,517600708042,NA,planrva__richmond_va
Richmond City,517600708043,NA,planrva__richmond_va
Richmond City,517600709011,NA,planrva__richmond_va
Richmond City,517600709012,NA,planrva__richmond_va
Richmond City,517600709013,NA,planrva__richmond_va
Richmond City,517600709021,NA,planrva__richmond_va
Richmond City,517600709022,NA,planrva__richmond_va
Richmond City,517600709023,NA,planrva__richmond_va
Richmond City,517600710021,NA,planrva__richmond_va
Richmond City,517600710022,NA,planrva__richmond_va
Richmond City,517600710031,NA,planrva__richmond_va
Richmond City,517600710032,NA,planrva__richmond_va
Richmond City,517600710041,NA,planrva__richmond_va
Richmond City,517600710042,NA,planrva__richmond_va
Richmond City,517600711001,NA,planrva__richmond_va
Richmond City,517600711002,NA,planrva__richmond_va
Richmond City,517600711003,NA,planrva__richmond_va
Richmond City,517600711004,NA,planrva__richmond_va
